{
    "intrinsic_parameters": [
        [
            4244.504000369415,
            0.0,
            317.7416777926983
        ],
        [
            0.0,
            4263.986397948694,
            203.49546162647135
        ],
        [
            0.0,
            0.0,
            1.0
        ]
    ],
    "extrinsic_parameters": [
        [
            -0.008871207186554202,
            0.9995235318394178,
            -0.029563676738682338,
            -19.469831981105845
        ],
        [
            -0.9960039034975421,
            -0.01145971445895129,
            -0.08857143536252557,
            7.40285938203695
        ],
        [
            -0.08886802518742032,
            0.028659801879555646,
            0.9956310008509741,
            336.12190142009024
        ]
    ],
    "camera_matrix": [
        [
            -65.89094981660992,
            4251.588042890192,
            190.87032048984653,
            24160.157169767284
        ],
        [
            -4265.03133662667,
            -43.03192696374088,
            -175.0610055048063,
            99964.97320318098
        ],
        [
            -0.08886802518742032,
            0.028659801879555646,
            0.9956310008509741,
            336.12190142009024
        ]
    ],
    "rotation_matrix": [
        [
            -0.008871207186554202,
            0.9995235318394178,
            -0.029563676738682338
        ],
        [
            -0.9960039034975421,
            -0.01145971445895129,
            -0.08857143536252557
        ],
        [
            -0.08886802518742032,
            0.028659801879555646,
            0.9956310008509741
        ]
    ],
    "translation_vector": [
        [
            -19.469831981105845
        ],
        [
            7.40285938203695
        ],
        [
            336.12190142009024
        ]
    ],
    "origin_image_coordinates": [
        [
            71.52444458007812,
            296.8816223144531
        ]
    ]
}