{
    "intrinsic": [
        [
            4254.333984375,
            0.0,
            318.7616073203244
        ],
        [
            0.0,
            4282.45947265625,
            201.43745156733348
        ],
        [
            0.0,
            0.0,
            1.0
        ]
    ],
    "distortion": [
        [
            3.8007027536783404,
            -553.1995157169265,
            -0.043551059578709465,
            0.014813637934481368,
            -10297.9266534894
        ]
    ],
    "rotation_matrix": [
        [
            -0.008871207186554202,
            0.9995235318394178,
            -0.029563676738682338
        ],
        [
            -0.9960039034975421,
            -0.01145971445895129,
            -0.08857143536252557
        ],
        [
            -0.08886802518742032,
            0.028659801879555646,
            0.9956310008509741
        ]
    ],
    "translation_vector": [
        [
            -19.469831981105845
        ],
        [
            7.40285938203695
        ],
        [
            336.12190142009024
        ]
    ]
}