{
    "reference_image_id": 0,
    "origin_image_coordinates": [
        [
            253.15289306640625,
            226.7559051513672
        ]
    ],
    "camera_matrix": [
        [
            1278.4880391279303,
            -12343.423172840243,
            588.9205141168765,
            134824.05982728914
        ],
        [
            12477.726934608325,
            1133.59993672512,
            -2893.135365649839,
            120700.95765735768
        ],
        [
            0.254396005364693,
            0.020615247435088815,
            0.9668803876528251,
            530.7538457270116
        ]
    ],
    "distortion": [
        [
            7.9546701034408285,
            -2609.870407098489,
            -0.00618125666098637,
            0.03622804025525373,
            -8.610468721738023
        ]
    ],
    "intrinsic_matrix": [
        [
            12406.917616374185,
            0.0,
            640.1952221426004
        ],
        [
            0.0,
            12852.574855306602,
            400.3374875121692
        ],
        [
            0.0,
            0.0,
            1.0
        ]
    ]
}