{
    "camera_matrix": [
        [
            -65.89094981660992,
            4251.588042890192,
            190.87032048984653,
            24160.157169767284
        ],
        [
            -4265.03133662667,
            -43.03192696374088,
            -175.0610055048063,
            99964.97320318098
        ],
        [
            -0.08886802518742032,
            0.028659801879555646,
            0.9956310008509741,
            336.12190142009024
        ]
    ],
    "reference_image_id": 0,
    "origin_image_coordinates": [
        [
            71.52444458007812,
            296.8816223144531
        ]
    ]
}